,Year,Quarter,Name,User_count,Amount
0,2018,1,puducherry,104212,165825971
1,2018,1,tamil nadu,6726622,11261557697
2,2018,1,uttar pradesh,12537805,13939970923
3,2018,1,madhya pradesh,8025395,8681603403
4,2018,1,andhra pradesh,9039585,11996276391
5,2018,1,tripura,148157,137978914
6,2018,1,lakshadweep,778,1928611
7,2018,1,manipur,84069,128046173
8,2018,1,maharashtra,16387034,21711613257
9,2018,1,dadra & nagar haveli & daman & diu,148549,175658384
10,2018,1,meghalaya,49571,66250259
11,2018,1,andaman & nicobar islands,6658,14631761
12,2018,1,haryana,4480770,6793511514
13,2018,1,rajasthan,7591690,8926293130
14,2018,1,ladakh,6089,12532857
15,2018,1,punjab,1870433,2780758224
16,2018,1,assam,1056881,1157804456
17,2018,1,jharkhand,2178921,2374186389
18,2018,1,odisha,5809821,4627632210
19,2018,1,bihar,5824302,6045758172
20,2018,1,kerala,1771380,2402674753
21,2018,1,karnataka,12016899,19217895314
22,2018,1,chandigarh,381895,613435420
23,2018,1,telangana,8522766,13308204118
24,2018,1,himachal pradesh,481918,628737806
25,2018,1,west bengal,11710225,10625978552
26,2018,1,gujarat,5948775,7577982255
27,2018,1,sikkim,44078,64650938
28,2018,1,nagaland,42845,78005891
29,2018,1,mizoram,18561,45227219
30,2018,1,chhattisgarh,1891514,2149155557
31,2018,1,jammu & kashmir,941568,1005371239
32,2018,1,goa,160897,303856742
33,2018,1,arunachal pradesh,45497,92387336
34,2018,1,delhi,7122754,11211503806
35,2018,1,uttarakhand,1246685,1508545358
36,2018,2,puducherry,130261,285801119
37,2018,2,tamil nadu,9992128,20125844276
38,2018,2,uttar pradesh,17710943,25720201695
39,2018,2,madhya pradesh,10561412,15924081066
40,2018,2,andhra pradesh,12353918,22883914272
41,2018,2,tripura,214559,236891718
42,2018,2,lakshadweep,2132,6187809
43,2018,2,manipur,151721,253209721
44,2018,2,maharashtra,22285740,36357057241
45,2018,2,dadra & nagar haveli & daman & diu,202626,302070771
46,2018,2,meghalaya,67857,117004667
47,2018,2,andaman & nicobar islands,11340,28338535
48,2018,2,haryana,6150931,11320414442
49,2018,2,rajasthan,9973697,15559086175
50,2018,2,ladakh,15010,47334902
51,2018,2,punjab,2581163,4684672212
52,2018,2,assam,1663873,2350585135
53,2018,2,jharkhand,3152080,4721575659
54,2018,2,odisha,8158144,8488310339
55,2018,2,bihar,8632378,13506131109
56,2018,2,kerala,2308165,3886923343
57,2018,2,karnataka,17116447,33515580081
58,2018,2,chandigarh,479084,961223261
59,2018,2,telangana,10764670,23017201517
60,2018,2,himachal pradesh,687695,1183169301
61,2018,2,west bengal,18082446,18629183470
62,2018,2,gujarat,7745733,12162684771
63,2018,2,sikkim,74578,143693085
64,2018,2,nagaland,65599,153325577
65,2018,2,mizoram,27051,83508405
66,2018,2,chhattisgarh,2816156,4264170443
67,2018,2,jammu & kashmir,1796326,2651206236
68,2018,2,goa,229575,478603825
69,2018,2,arunachal pradesh,82157,198970192
70,2018,2,delhi,9373723,17446299902
71,2018,2,uttarakhand,1704122,2679755378
72,2018,3,puducherry,190271,417658075
73,2018,3,tamil nadu,15774078,29330092241
74,2018,3,uttar pradesh,26515356,37012114369
75,2018,3,madhya pradesh,17126985,24149742204
76,2018,3,andhra pradesh,25626061,35718044599
77,2018,3,tripura,377703,453863388
78,2018,3,lakshadweep,1703,4339032
79,2018,3,manipur,189258,383331244
80,2018,3,maharashtra,31538538,52260817733
81,2018,3,dadra & nagar haveli & daman & diu,289575,447639595
82,2018,3,meghalaya,110290,209853661
83,2018,3,andaman & nicobar islands,16265,55557471
84,2018,3,haryana,8262024,16375139007
85,2018,3,rajasthan,14257098,24040768671
86,2018,3,ladakh,24864,84090977
87,2018,3,punjab,3462108,7065687043
88,2018,3,assam,2351851,3811134989
89,2018,3,jharkhand,8122621,8661571417
90,2018,3,odisha,30052155,23094515775
91,2018,3,bihar,14367804,20135804378
92,2018,3,kerala,3134348,5323025223
93,2018,3,karnataka,25980261,48225091755
94,2018,3,chandigarh,616936,1369354447
95,2018,3,telangana,19332703,32030093209
96,2018,3,himachal pradesh,886754,1754041432
97,2018,3,west bengal,53705416,41843934183
98,2018,3,gujarat,11334149,17866404426
99,2018,3,sikkim,108500,235080226
100,2018,3,nagaland,94371,241792742
101,2018,3,mizoram,39316,116600738
102,2018,3,chhattisgarh,3859604,6302307073
103,2018,3,jammu & kashmir,2303961,3934700999
104,2018,3,goa,339511,713166969
105,2018,3,arunachal pradesh,131146,331726406
106,2018,3,delhi,18547048,27375846860
107,2018,3,uttarakhand,2229132,3726573039
108,2018,4,puducherry,307964,625691665
109,2018,4,tamil nadu,22457444,43302073975
110,2018,4,uttar pradesh,36100767,55096743575
111,2018,4,madhya pradesh,21397555,33905608072
112,2018,4,andhra pradesh,30759548,51473779406
113,2018,4,tripura,448059,624885599
114,2018,4,lakshadweep,1642,4463213
115,2018,4,manipur,236110,605683559
116,2018,4,maharashtra,46090223,79518937047
117,2018,4,dadra & nagar haveli & daman & diu,404082,658750616
118,2018,4,meghalaya,161132,337585679
119,2018,4,andaman & nicobar islands,23758,90548336
120,2018,4,haryana,12950183,25390876016
121,2018,4,rajasthan,20959723,37909087083
122,2018,4,ladakh,35211,135522842
123,2018,4,punjab,4887137,10781982573
124,2018,4,assam,3734172,5888022859
125,2018,4,jharkhand,6284043,10241916641
126,2018,4,odisha,21142798,23429869571
127,2018,4,bihar,15732401,28397997168
128,2018,4,kerala,4310654,7747361236
129,2018,4,karnataka,44812071,73008386576
130,2018,4,chandigarh,905116,2032591591
131,2018,4,telangana,28921154,49509088448
132,2018,4,himachal pradesh,1307883,2621298968
133,2018,4,west bengal,36513548,40489619211
134,2018,4,gujarat,14733303,24830987102
135,2018,4,sikkim,154533,383141358
136,2018,4,nagaland,139333,388013467
137,2018,4,mizoram,55242,190426852
138,2018,4,chhattisgarh,5365844,9416412664
139,2018,4,jammu & kashmir,2721310,5664720265
140,2018,4,goa,514755,1153005078
141,2018,4,arunachal pradesh,176429,504040029
142,2018,4,delhi,29187719,39722857618
143,2018,4,uttarakhand,3178761,5654272137
144,2019,1,puducherry,501092,906473024
145,2019,1,tamil nadu,32275045,56204036816
146,2019,1,uttar pradesh,57324504,76524180134
147,2019,1,madhya pradesh,37301049,48070279522
148,2019,1,andhra pradesh,57264522,83760595917
149,2019,1,tripura,580926,756894941
150,2019,1,lakshadweep,2481,8786130
151,2019,1,manipur,265409,659898060
152,2019,1,maharashtra,75079069,111420690920
153,2019,1,dadra & nagar haveli & daman & diu,661814,843369776
154,2019,1,meghalaya,208741,399037162
155,2019,1,andaman & nicobar islands,30486,102299740
156,2019,1,haryana,22135775,34051655721
157,2019,1,rajasthan,43956040,61141158575
158,2019,1,ladakh,46145,152859920
159,2019,1,punjab,7172137,13574490001
160,2019,1,assam,4533005,8002099536
161,2019,1,jharkhand,9387708,13627236449
162,2019,1,odisha,34031942,35427127930
163,2019,1,bihar,26356234,41502827514
164,2019,1,kerala,6469039,10235031134
165,2019,1,karnataka,86587609,117976382145
166,2019,1,chandigarh,1274476,2396032050
167,2019,1,telangana,65290702,95523262035
168,2019,1,himachal pradesh,2168718,3381481442
169,2019,1,west bengal,47626388,50164672623
170,2019,1,gujarat,24991451,35856080308
171,2019,1,sikkim,240287,457993634
172,2019,1,nagaland,168579,441941712
173,2019,1,mizoram,70306,218160895
174,2019,1,chhattisgarh,7887669,12544556385
175,2019,1,jammu & kashmir,3584987,5951835476
176,2019,1,goa,738812,1475323397
177,2019,1,arunachal pradesh,226506,609950106
178,2019,1,delhi,47007327,58469131789
179,2019,1,uttarakhand,5546001,7183529175
180,2019,2,puducherry,580077,1211446910
181,2019,2,tamil nadu,32171737,64207676025
182,2019,2,uttar pradesh,58883500,98917519370
183,2019,2,madhya pradesh,40846013,68334566380
184,2019,2,andhra pradesh,56409015,113634518758
185,2019,2,tripura,532558,841821482
186,2019,2,lakshadweep,2926,9242524
187,2019,2,manipur,257425,722789942
188,2019,2,maharashtra,101149853,153294470088
189,2019,2,dadra & nagar haveli & daman & diu,489656,824441276
190,2019,2,meghalaya,232286,492931289
191,2019,2,andaman & nicobar islands,33689,120254709
192,2019,2,haryana,22741816,42501539813
193,2019,2,rajasthan,50009286,89107313172
194,2019,2,ladakh,68772,259255506
195,2019,2,punjab,8509830,18614793394
196,2019,2,assam,5454929,10954969189
197,2019,2,jharkhand,10128211,18622701305
198,2019,2,odisha,29512024,44754854871
199,2019,2,bihar,29960479,63132438283
200,2019,2,kerala,7283826,13031371561
201,2019,2,karnataka,115401604,163702024226
202,2019,2,chandigarh,1252470,2693116098
203,2019,2,telangana,89610379,155676443182
204,2019,2,himachal pradesh,2502306,4875883973
205,2019,2,west bengal,47023535,57105691119
206,2019,2,gujarat,28981842,49320615219
207,2019,2,sikkim,388244,738894243
208,2019,2,nagaland,188753,520066682
209,2019,2,mizoram,75671,248016708
210,2019,2,chhattisgarh,9389945,17002355688
211,2019,2,jammu & kashmir,2296355,6100142201
212,2019,2,goa,768441,1591867103
213,2019,2,arunachal pradesh,258656,752655874
214,2019,2,delhi,57171512,81706816063
215,2019,2,uttarakhand,4813275,8588532850
216,2019,3,puducherry,716826,1460708357
217,2019,3,tamil nadu,41410183,78959604643
218,2019,3,uttar pradesh,68623959,111268137475
219,2019,3,madhya pradesh,53610411,77676321491
220,2019,3,andhra pradesh,76288614,139447944254
221,2019,3,tripura,711717,1017377422
222,2019,3,lakshadweep,3104,9651761
223,2019,3,manipur,345008,863552002
224,2019,3,maharashtra,148735581,199617506744
225,2019,3,dadra & nagar haveli & daman & diu,638751,961471473
226,2019,3,meghalaya,306550,612218602
227,2019,3,andaman & nicobar islands,33770,114071776
228,2019,3,haryana,30343531,52489119199
229,2019,3,rajasthan,67303617,112468290031
230,2019,3,ladakh,92396,331129527
231,2019,3,punjab,10706812,22905815605
232,2019,3,assam,5942571,12950443620
233,2019,3,jharkhand,14220647,21465973993
234,2019,3,odisha,41422272,57304577359
235,2019,3,bihar,32139900,67692783254
236,2019,3,kerala,9286096,16429809722
237,2019,3,karnataka,170733735,214536720438
238,2019,3,chandigarh,1506543,3269682087
239,2019,3,telangana,121495376,201930021130
240,2019,3,himachal pradesh,2735180,5572018781
241,2019,3,west bengal,66444829,70540532616
242,2019,3,gujarat,38228649,59462694964
243,2019,3,sikkim,552436,884716448
244,2019,3,nagaland,261878,650956471
245,2019,3,mizoram,98094,278793899
246,2019,3,chhattisgarh,12243111,19803259167
247,2019,3,jammu & kashmir,1116526,3744230491
248,2019,3,goa,1092416,2000367191
249,2019,3,arunachal pradesh,370234,912645034
250,2019,3,delhi,69537876,103196812046
251,2019,3,uttarakhand,5710476,9729032070
252,2019,4,puducherry,1012655,1932028317
253,2019,4,tamil nadu,56596411,103190865512
254,2019,4,uttar pradesh,86905005,145538926507
255,2019,4,madhya pradesh,68131989,104687926790
256,2019,4,andhra pradesh,107218103,200948315488
257,2019,4,tripura,801824,1215400160
258,2019,4,lakshadweep,3765,11269913
259,2019,4,manipur,449344,1200897682
260,2019,4,maharashtra,201260620,272994428799
261,2019,4,dadra & nagar haveli & daman & diu,768971,1226641262
262,2019,4,meghalaya,365981,742436471
263,2019,4,andaman & nicobar islands,35159,136838530
264,2019,4,haryana,37825985,69359719869
265,2019,4,rajasthan,85074242,159452410049
266,2019,4,ladakh,84706,324689360
267,2019,4,punjab,13698625,29989802246
268,2019,4,assam,6760510,15281983895
269,2019,4,jharkhand,18248618,28147748376
270,2019,4,odisha,64995633,79769373632
271,2019,4,bihar,43530314,93313426577
272,2019,4,kerala,12498637,21151326637
273,2019,4,karnataka,237796252,295047143447
274,2019,4,chandigarh,1850915,4152513817
275,2019,4,telangana,163572258,280746765547
276,2019,4,himachal pradesh,3516646,7271163537
277,2019,4,west bengal,96805838,88203610254
278,2019,4,gujarat,42547632,76690662054
279,2019,4,sikkim,767070,1176509601
280,2019,4,nagaland,317170,834537138
281,2019,4,mizoram,125239,368689350
282,2019,4,chhattisgarh,16305758,27143788737
283,2019,4,jammu & kashmir,489928,1929695997
284,2019,4,goa,1515272,2923460348
285,2019,4,arunachal pradesh,459475,1190573179
286,2019,4,delhi,80744997,129024467424
287,2019,4,uttarakhand,7362116,12573706305
288,2020,1,puducherry,1207921,2205277477
289,2020,1,tamil nadu,66953473,116569686179
290,2020,1,uttar pradesh,97239132,172416434960
291,2020,1,madhya pradesh,79366746,126737281436
292,2020,1,andhra pradesh,127677357,252737214289
293,2020,1,tripura,924502,1588778806
294,2020,1,lakshadweep,5151,13502368
295,2020,1,manipur,818801,2598590380
296,2020,1,maharashtra,238944081,319995196718
297,2020,1,dadra & nagar haveli & daman & diu,878579,1342763369
298,2020,1,meghalaya,502283,1120134840
299,2020,1,andaman & nicobar islands,41298,161476312
300,2020,1,haryana,44036087,81976214558
301,2020,1,rajasthan,102258812,190308238561
302,2020,1,ladakh,116419,377639677
303,2020,1,punjab,15217784,31374185265
304,2020,1,assam,8808860,20668428347
305,2020,1,jharkhand,18282713,33611232153
306,2020,1,odisha,53682307,91956798199
307,2020,1,bihar,45081815,109256853527
308,2020,1,kerala,15733522,26451084830
309,2020,1,karnataka,271033890,353402054999
310,2020,1,chandigarh,2262511,5126453070
311,2020,1,telangana,199409525,371343780368
312,2020,1,himachal pradesh,4144480,7419466751
313,2020,1,west bengal,66250381,96653305190
314,2020,1,gujarat,47326417,86995076621
315,2020,1,sikkim,528118,1053476271
316,2020,1,nagaland,378051,894780028
317,2020,1,mizoram,153609,392077579
318,2020,1,chhattisgarh,19523991,32860597671
319,2020,1,jammu & kashmir,921630,2937643176
320,2020,1,goa,1881237,3410371231
321,2020,1,arunachal pradesh,567175,1381758681
322,2020,1,delhi,81747604,133616543642
323,2020,1,uttarakhand,9131784,16158080258
324,2020,2,puducherry,1033383,1960030980
325,2020,2,tamil nadu,51870110,95826508896
326,2020,2,uttar pradesh,100851965,178744016130
327,2020,2,madhya pradesh,76340573,147922015289
328,2020,2,andhra pradesh,144917855,302583689746
329,2020,2,tripura,1052520,1769175883
330,2020,2,lakshadweep,7220,16942922
331,2020,2,manipur,1083068,3198936212
332,2020,2,maharashtra,184790761,296359517159
333,2020,2,dadra & nagar haveli & daman & diu,973152,1302376453
334,2020,2,meghalaya,635395,1153735154
335,2020,2,andaman & nicobar islands,62962,169645001
336,2020,2,haryana,41781050,80711264923
337,2020,2,rajasthan,101954656,193763273003
338,2020,2,ladakh,155010,523792998
339,2020,2,punjab,14081294,30284654252
340,2020,2,assam,10505199,19766300125
341,2020,2,jharkhand,20141511,37486201975
342,2020,2,odisha,50028576,91733036612
343,2020,2,bihar,53386742,128806523628
344,2020,2,kerala,16287967,25894078478
345,2020,2,karnataka,213221712,321104877020
346,2020,2,chandigarh,1528010,3847015729
347,2020,2,telangana,152055143,321531839352
348,2020,2,himachal pradesh,4695730,8036904762
349,2020,2,west bengal,57676797,100099431877
350,2020,2,gujarat,47420185,80387846359
351,2020,2,sikkim,517731,1054618788
352,2020,2,nagaland,517566,1137674504
353,2020,2,mizoram,198462,457193433
354,2020,2,chhattisgarh,18820925,32268382206
355,2020,2,jammu & kashmir,2635006,8265648939
356,2020,2,goa,1482092,2183616430
357,2020,2,arunachal pradesh,808774,1826716832
358,2020,2,delhi,66042018,107873438203
359,2020,2,uttarakhand,9047770,16094187702
360,2020,3,puducherry,1730902,3598080229
361,2020,3,tamil nadu,70277825,143841415498
362,2020,3,uttar pradesh,127405259,248689955423
363,2020,3,madhya pradesh,108579881,205701679984
364,2020,3,andhra pradesh,204902935,467084130584
365,2020,3,tripura,1317885,2341819516
366,2020,3,lakshadweep,8589,21306833
367,2020,3,manipur,1420168,4615976120
368,2020,3,maharashtra,268310924,440307079012
369,2020,3,dadra & nagar haveli & daman & diu,1138312,1749789114
370,2020,3,meghalaya,597579,1237059001
371,2020,3,andaman & nicobar islands,117483,338019446
372,2020,3,haryana,57938179,109567950445
373,2020,3,rajasthan,149088676,293678306162
374,2020,3,ladakh,228222,835487500
375,2020,3,punjab,17209573,40123092147
376,2020,3,assam,12397711,29831391259
377,2020,3,jharkhand,27068473,50622615820
378,2020,3,odisha,66033829,122463943804
379,2020,3,bihar,71503748,173328865111
380,2020,3,kerala,21758680,40164150651
381,2020,3,karnataka,300360531,470740515696
382,2020,3,chandigarh,2158086,5089809353
383,2020,3,telangana,236372126,505961144755
384,2020,3,himachal pradesh,5489876,10516054014
385,2020,3,west bengal,79954504,156813355855
386,2020,3,gujarat,59290179,111921752484
387,2020,3,sikkim,596435,1400926728
388,2020,3,nagaland,736319,2009649143
389,2020,3,mizoram,254703,707944175
390,2020,3,chhattisgarh,24148539,41526744807
391,2020,3,jammu & kashmir,3465898,11977229760
392,2020,3,goa,1915531,3368343580
393,2020,3,arunachal pradesh,962827,2609938565
394,2020,3,delhi,96491861,175163962804
395,2020,3,uttarakhand,11818935,22103510968
396,2020,4,puducherry,2716003,4930526217
397,2020,4,tamil nadu,111179701,206473197500
398,2020,4,uttar pradesh,178167517,357428826778
399,2020,4,madhya pradesh,153652541,284275139772
400,2020,4,andhra pradesh,286118552,654841546033
401,2020,4,tripura,1651890,3182130996
402,2020,4,lakshadweep,11650,30111317
403,2020,4,manipur,1627852,5602224558
404,2020,4,maharashtra,407621004,622155530832
405,2020,4,dadra & nagar haveli & daman & diu,1817791,2700511100
406,2020,4,meghalaya,754008,1804242572
407,2020,4,andaman & nicobar islands,224531,627282656
408,2020,4,haryana,83171439,159998504366
409,2020,4,rajasthan,190283435,386034779836
410,2020,4,ladakh,332134,1111963470
411,2020,4,punjab,22997925,53775406479
412,2020,4,assam,15423454,40226611319
413,2020,4,jharkhand,39431633,72805174830
414,2020,4,odisha,92324950,178302663014
415,2020,4,bihar,96591673,238905613136
416,2020,4,kerala,33288187,56755256647
417,2020,4,karnataka,431536984,658036698565
418,2020,4,chandigarh,2912716,6146762901
419,2020,4,telangana,343643787,696350439226
420,2020,4,himachal pradesh,7272328,13989053108
421,2020,4,west bengal,100340645,199165491365
422,2020,4,gujarat,77828547,148393060112
423,2020,4,sikkim,735035,1919275805
424,2020,4,nagaland,847825,2773084870
425,2020,4,mizoram,322607,986522115
426,2020,4,chhattisgarh,35529636,62214974283
427,2020,4,jammu & kashmir,5754444,15380905803
428,2020,4,goa,3801381,6899792747
429,2020,4,arunachal pradesh,1209129,3570264021
430,2020,4,delhi,120540417,216265088224
431,2020,4,uttarakhand,17613271,31792739329
432,2021,1,puducherry,3309432,5899309571
433,2021,1,tamil nadu,136556674,248668143873
434,2021,1,uttar pradesh,204499547,396287587577
435,2021,1,madhya pradesh,201998498,343533954382
436,2021,1,andhra pradesh,289747970,672444670176
437,2021,1,tripura,1511423,3335341569
438,2021,1,lakshadweep,9085,27042782
439,2021,1,manipur,2303535,7070287514
440,2021,1,maharashtra,517860240,769887352153
441,2021,1,dadra & nagar haveli & daman & diu,1925244,2965632911
442,2021,1,meghalaya,747646,2055515277
443,2021,1,andaman & nicobar islands,244752,783706567
444,2021,1,haryana,90252784,168938301082
445,2021,1,rajasthan,252730919,491492581657
446,2021,1,ladakh,275415,983419813
447,2021,1,punjab,26770835,58690887091
448,2021,1,assam,19512060,51326464546
449,2021,1,jharkhand,44621663,83749353123
450,2021,1,odisha,111460358,213397736188
451,2021,1,bihar,114932477,280973649701
452,2021,1,kerala,42316342,69260970161
453,2021,1,karnataka,523797492,754995357412
454,2021,1,chandigarh,3970237,7596420859
455,2021,1,telangana,412572110,799359264046
456,2021,1,himachal pradesh,7614029,14120546909
457,2021,1,west bengal,118254052,242937207475
458,2021,1,gujarat,94774565,183700780713
459,2021,1,sikkim,800189,2217667726
460,2021,1,nagaland,975897,3107450484
461,2021,1,mizoram,329575,1101105586
462,2021,1,chhattisgarh,39436437,69409843261
463,2021,1,jammu & kashmir,6997570,17138349893
464,2021,1,goa,5331549,9757242879
465,2021,1,arunachal pradesh,1177456,3813779079
466,2021,1,delhi,157359004,266928345043
467,2021,1,uttarakhand,20608402,36288189399
468,2021,2,puducherry,3751387,6498834696
469,2021,2,tamil nadu,146158442,263487341026
470,2021,2,uttar pradesh,241949131,482172489166
471,2021,2,madhya pradesh,223314680,425500768035
472,2021,2,andhra pradesh,352767134,850737499108
473,2021,2,tripura,1744429,3468154361
474,2021,2,lakshadweep,11384,27383463
475,2021,2,manipur,3086275,7889827962
476,2021,2,maharashtra,573616486,915115055623
477,2021,2,dadra & nagar haveli & daman & diu,2125083,3157668461
478,2021,2,meghalaya,909594,2193617254
479,2021,2,andaman & nicobar islands,341414,899147016
480,2021,2,haryana,105680856,200357354238
481,2021,2,rajasthan,287477039,561702765169
482,2021,2,ladakh,399716,1427259095
483,2021,2,punjab,32171248,69531058562
484,2021,2,assam,25432905,59192473376
485,2021,2,jharkhand,54002145,104432643311
486,2021,2,odisha,131824337,245864117477
487,2021,2,bihar,155603622,374580255186
488,2021,2,kerala,47191033,74226806436
489,2021,2,karnataka,530649046,837887151230
490,2021,2,chandigarh,4417547,8417673939
491,2021,2,telangana,495867544,1027958332797
492,2021,2,himachal pradesh,9483902,16495634539
493,2021,2,west bengal,141897437,279434811058
494,2021,2,gujarat,111841396,210162054552
495,2021,2,sikkim,976714,2424899579
496,2021,2,nagaland,1130791,3156293963
497,2021,2,mizoram,394340,1122874473
498,2021,2,chhattisgarh,44689420,78728771259
499,2021,2,jammu & kashmir,10027819,22813755428
500,2021,2,goa,4710135,8012853587
501,2021,2,arunachal pradesh,1568338,4456425616
502,2021,2,delhi,170157264,281941097684
503,2021,2,uttarakhand,24000432,40990817874
504,2021,3,puducherry,5121726,8729974431
505,2021,3,tamil nadu,204357404,365207323053
506,2021,3,uttar pradesh,306543384,557080841279
507,2021,3,madhya pradesh,311443334,504412603851
508,2021,3,andhra pradesh,432032550,984218035564
509,2021,3,tripura,2081200,4364133768
510,2021,3,lakshadweep,13370,38803163
511,2021,3,manipur,3941396,10406861028
512,2021,3,maharashtra,792874060,1159257305167
513,2021,3,dadra & nagar haveli & daman & diu,3129470,4305939102
514,2021,3,meghalaya,1097731,2769000451
515,2021,3,andaman & nicobar islands,449764,1310024395
516,2021,3,haryana,140459693,240827092259
517,2021,3,rajasthan,400284753,710511328542
518,2021,3,ladakh,590987,2213984743
519,2021,3,punjab,42533489,85992560840
520,2021,3,assam,33504441,75700499273
521,2021,3,jharkhand,70795702,121891015118
522,2021,3,odisha,177362674,303780718933
523,2021,3,bihar,187671113,397062760956
524,2021,3,kerala,63028266,101686161773
525,2021,3,karnataka,753296539,1133234739157
526,2021,3,chandigarh,6649378,11815883004
527,2021,3,telangana,622886768,1178289126292
528,2021,3,himachal pradesh,12064167,21310262071
529,2021,3,west bengal,181712988,362457066256
530,2021,3,gujarat,149248407,272624626113
531,2021,3,sikkim,1160594,2989336863
532,2021,3,nagaland,1356792,3987416848
533,2021,3,mizoram,478529,1473748650
534,2021,3,chhattisgarh,64237938,104606108262
535,2021,3,jammu & kashmir,13151041,31598443648
536,2021,3,goa,6467763,10478425592
537,2021,3,arunachal pradesh,1906967,5678124175
538,2021,3,delhi,238760608,383858316548
539,2021,3,uttarakhand,31042284,50527496783
540,2021,4,puducherry,6368810,10423651801
541,2021,4,tamil nadu,259155976,443723952594
542,2021,4,uttar pradesh,406157932,773890970072
543,2021,4,madhya pradesh,404308084,656887492404
544,2021,4,andhra pradesh,522254003,1156264447083
545,2021,4,tripura,2520693,5496929464
546,2021,4,lakshadweep,15470,50998185
547,2021,4,manipur,4687439,12658472038
548,2021,4,maharashtra,1010731502,1475358473128
549,2021,4,dadra & nagar haveli & daman & diu,4157085,5565839386
550,2021,4,meghalaya,1440193,3848765400
551,2021,4,andaman & nicobar islands,636123,1932610101
552,2021,4,haryana,169686975,309240599300
553,2021,4,rajasthan,487621597,903934418544
554,2021,4,ladakh,630187,2153535138
555,2021,4,punjab,52359360,110710126241
556,2021,4,assam,46020361,104184967893
557,2021,4,jharkhand,96009042,166017119003
558,2021,4,odisha,233925366,385251049689
559,2021,4,bihar,245126945,519371614068
560,2021,4,kerala,81823741,123342136943
561,2021,4,karnataka,931725438,1375471324349
562,2021,4,chandigarh,7898903,14373583510
563,2021,4,telangana,775989773,1463758189500
564,2021,4,himachal pradesh,14666864,26136220500
565,2021,4,west bengal,225029560,462218037262
566,2021,4,gujarat,182987325,342382580053
567,2021,4,sikkim,1584345,4196783261
568,2021,4,nagaland,1631483,4939083784
569,2021,4,mizoram,553329,1770665741
570,2021,4,chhattisgarh,84717494,136399110518
571,2021,4,jammu & kashmir,16790628,38926237425
572,2021,4,goa,11088759,18627257115
573,2021,4,arunachal pradesh,2390598,6943510352
574,2021,4,delhi,292683359,488695314062
575,2021,4,uttarakhand,40361280,66148108159
576,2022,1,puducherry,7359176,12083474905
577,2022,1,tamil nadu,294573150,512789201600
578,2022,1,uttar pradesh,473953246,883123174117
579,2022,1,madhya pradesh,472703058,747665139599
580,2022,1,andhra pradesh,582603911,1294320646554
581,2022,1,tripura,2871190,6247329764
582,2022,1,lakshadweep,16397,54939432
583,2022,1,manipur,5313679,14144501078
584,2022,1,maharashtra,1169506438,1681399273981
585,2022,1,dadra & nagar haveli & daman & diu,4802803,6237048367
586,2022,1,meghalaya,1674750,4662338331
587,2022,1,andaman & nicobar islands,794748,2129030202
588,2022,1,haryana,191988609,341304042652
589,2022,1,rajasthan,564962220,1022050180980
590,2022,1,ladakh,630015,2025040918
591,2022,1,punjab,57758302,118389978105
592,2022,1,assam,58889886,132280437892
593,2022,1,jharkhand,110911210,194700207087
594,2022,1,odisha,263633499,451227311779
595,2022,1,bihar,284390434,611411695731
596,2022,1,kerala,95280965,139988942464
597,2022,1,karnataka,1057855407,1566649488305
598,2022,1,chandigarh,8600491,15174991549
599,2022,1,telangana,886453385,1670638169828
600,2022,1,himachal pradesh,16088180,26518447439
601,2022,1,west bengal,260505092,551426663209
602,2022,1,gujarat,210547146,392548092253
603,2022,1,sikkim,1744302,4367431275
604,2022,1,nagaland,1925952,5544951708
605,2022,1,mizoram,604917,1945158963
606,2022,1,chhattisgarh,97413292,157847045454
607,2022,1,jammu & kashmir,16245311,33147863626
608,2022,1,goa,12214098,19816445402
609,2022,1,arunachal pradesh,2804068,7828091628
610,2022,1,delhi,330999861,536964920836
611,2022,1,uttarakhand,44560772,70978782500
612,2022,2,puducherry,8643687,13778745255
613,2022,2,tamil nadu,354506937,590134727678
614,2022,2,uttar pradesh,595298776,1067515182419
615,2022,2,madhya pradesh,544899829,867024737328
616,2022,2,andhra pradesh,671134030,1479853948202
617,2022,2,tripura,3418664,6878271042
618,2022,2,lakshadweep,17569,55929601
619,2022,2,manipur,6105632,14922910635
620,2022,2,maharashtra,1407533113,2006272382175
621,2022,2,dadra & nagar haveli & daman & diu,5759771,6995159780
622,2022,2,meghalaya,2044649,5281491421
623,2022,2,andaman & nicobar islands,1071217,2685920350
624,2022,2,haryana,234699962,395234035249
625,2022,2,rajasthan,661170150,1152833518600
626,2022,2,ladakh,1118073,3543318177
627,2022,2,punjab,72272823,137345426369
628,2022,2,assam,76334725,153111042086
629,2022,2,jharkhand,132925275,225636227828
630,2022,2,odisha,313451598,510035012340
631,2022,2,bihar,360145029,754461454966
632,2022,2,kerala,106365322,154696329549
633,2022,2,karnataka,1277448960,1867146114059
634,2022,2,chandigarh,10772489,17283500158
635,2022,2,telangana,1063382557,1951414544517
636,2022,2,himachal pradesh,21291371,33709107958
637,2022,2,west bengal,315742141,648575179584
638,2022,2,gujarat,252052796,446798000976
639,2022,2,sikkim,2322081,5611105670
640,2022,2,nagaland,2031329,5740285349
641,2022,2,mizoram,643977,2003186567
642,2022,2,chhattisgarh,116584048,181181677163
643,2022,2,jammu & kashmir,23813747,46254290836
644,2022,2,goa,14216054,22873037759
645,2022,2,arunachal pradesh,3556925,9131665374
646,2022,2,delhi,410634184,629855650458
647,2022,2,uttarakhand,58166878,88313371025
648,2022,3,puducherry,7042727,10854317711
649,2022,3,tamil nadu,393496175,631879220373
650,2022,3,uttar pradesh,703589072,1121370050898
651,2022,3,madhya pradesh,731259559,1032908494249
652,2022,3,andhra pradesh,642855035,1385077409712
653,2022,3,tripura,4256579,8648352804
654,2022,3,lakshadweep,15241,47580009
655,2022,3,manipur,6352742,15381430267
656,2022,3,maharashtra,1486389417,1947579187374
657,2022,3,dadra & nagar haveli & daman & diu,6465621,7520647359
658,2022,3,meghalaya,4359165,9603300797
659,2022,3,andaman & nicobar islands,1584379,3310631772
660,2022,3,haryana,269361810,428054494578
661,2022,3,rajasthan,767541360,1238489256318
662,2022,3,ladakh,1190858,3605199350
663,2022,3,punjab,84177897,149319443006
664,2022,3,assam,86113811,161489079054
665,2022,3,jharkhand,146815332,229412884063
666,2022,3,odisha,386687326,564545557340
667,2022,3,bihar,437367385,791446486557
668,2022,3,kerala,119362904,162260419315
669,2022,3,karnataka,1189761328,1665918232610
670,2022,3,chandigarh,13478173,20559757737
671,2022,3,telangana,1628165401,2706325865752
672,2022,3,himachal pradesh,25164868,37380782688
673,2022,3,west bengal,356792388,704749898612
674,2022,3,gujarat,303239732,497437502209
675,2022,3,sikkim,2396758,5162880543
676,2022,3,nagaland,1894113,5364400495
677,2022,3,mizoram,659038,1946265612
678,2022,3,chhattisgarh,158252587,220161558081
679,2022,3,jammu & kashmir,22534394,40963554502
680,2022,3,goa,13188687,19574265275
681,2022,3,arunachal pradesh,3939418,9025110785
682,2022,3,delhi,475592161,677612647116
683,2022,3,uttarakhand,63996519,92641259938
684,2022,4,puducherry,7556127,11142204877
685,2022,4,tamil nadu,436316636,675689667591
686,2022,4,uttar pradesh,836369071,1376378802069
687,2022,4,madhya pradesh,898828268,1302999857548
688,2022,4,andhra pradesh,690017077,1424725083041
689,2022,4,tripura,5198190,10452971818
690,2022,4,lakshadweep,17147,54813873
691,2022,4,manipur,6428670,15625956698
692,2022,4,maharashtra,1688775272,2210470839617
693,2022,4,dadra & nagar haveli & daman & diu,7189585,8059640746
694,2022,4,meghalaya,3932448,8996541156
695,2022,4,andaman & nicobar islands,1987535,3984674404
696,2022,4,haryana,296648365,490490659880
697,2022,4,rajasthan,865574848,1456956699398
698,2022,4,ladakh,1083372,2894477572
699,2022,4,punjab,91835180,168107427177
700,2022,4,assam,103981267,192653519187
701,2022,4,jharkhand,175300092,277971737448
702,2022,4,odisha,445714743,652217064523
703,2022,4,bihar,517084649,936012149674
704,2022,4,kerala,132960468,173559808599
705,2022,4,karnataka,1378910371,1904516622907
706,2022,4,chandigarh,17904840,27879754566
707,2022,4,telangana,1819506832,2978252562916
708,2022,4,himachal pradesh,28555136,41779343232
709,2022,4,west bengal,405847597,787775633607
710,2022,4,gujarat,341156018,567918305336
711,2022,4,sikkim,3058339,6458385389
712,2022,4,nagaland,2476205,6969966384
713,2022,4,mizoram,693774,2037911085
714,2022,4,chhattisgarh,177960446,252519180810
715,2022,4,jammu & kashmir,27316158,44315295915
716,2022,4,goa,17192674,24924986371
717,2022,4,arunachal pradesh,4632709,9684909697
718,2022,4,delhi,515203457,744915016018
719,2022,4,uttarakhand,77983880,115496046831
720,2023,1,puducherry,10144295,14222388506
721,2023,1,tamil nadu,461212387,715583673518
722,2023,1,uttar pradesh,1002557722,1636936265372
723,2023,1,madhya pradesh,734566970,1062026599901
724,2023,1,andhra pradesh,1145532464,2249051316530
725,2023,1,tripura,7118687,13288282891
726,2023,1,lakshadweep,29520,85321961
727,2023,1,manipur,3258383,8585564092
728,2023,1,maharashtra,1848268499,2362285906059
729,2023,1,dadra & nagar haveli & daman & diu,11803985,12614091200
730,2023,1,meghalaya,4164705,10084840615
731,2023,1,andaman & nicobar islands,2276392,4461528587
732,2023,1,haryana,381318464,591150623736
733,2023,1,rajasthan,921096686,1554913375850
734,2023,1,ladakh,1567246,3849021298
735,2023,1,punjab,96910821,175508676860
736,2023,1,assam,113760638,212354167087
737,2023,1,jharkhand,240458103,367371336021
738,2023,1,odisha,482896088,753968977663
739,2023,1,bihar,547831195,1039276959944
740,2023,1,kerala,147621565,193637089677
741,2023,1,karnataka,1844697189,2470227226317
742,2023,1,chandigarh,9815605,12824894394
743,2023,1,telangana,1440331458,2372581734284
744,2023,1,himachal pradesh,27301726,37740947734
745,2023,1,west bengal,459278344,896883182555
746,2023,1,gujarat,362511326,597826188806
747,2023,1,sikkim,3396128,6762568022
748,2023,1,nagaland,2685570,7814397854
749,2023,1,mizoram,1052595,2955622739
750,2023,1,chhattisgarh,214748957,301088936459
751,2023,1,jammu & kashmir,38927244,55921747581
752,2023,1,goa,24195070,35096965775
753,2023,1,arunachal pradesh,8042825,16394578454
754,2023,1,delhi,409753103,611403109580
755,2023,1,uttarakhand,79385675,107179907585
756,2023,2,puducherry,11130326,15386733257
757,2023,2,tamil nadu,498429638,776362551015
758,2023,2,uttar pradesh,1211410582,1836622076526
759,2023,2,madhya pradesh,848037060,1202440949508
760,2023,2,andhra pradesh,1305656964,2506039086916
761,2023,2,tripura,7929543,13919130082
762,2023,2,lakshadweep,34918,97987438
763,2023,2,manipur,1606271,4463876653
764,2023,2,maharashtra,2063717848,2606004606468
765,2023,2,dadra & nagar haveli & daman & diu,13357115,13750538188
766,2023,2,meghalaya,5077212,11084506486
767,2023,2,andaman & nicobar islands,2707775,4990344236
768,2023,2,haryana,457536190,661742128636
769,2023,2,rajasthan,1073459338,1698455586300
770,2023,2,ladakh,2943815,7191103886
771,2023,2,punjab,117290289,194181575454
772,2023,2,assam,138290953,235110788783
773,2023,2,jharkhand,289233893,422214727508
774,2023,2,odisha,544597829,799332054104
775,2023,2,bihar,683933094,1226046745390
776,2023,2,kerala,156170617,207796670985
777,2023,2,karnataka,2067867526,2777599098830
778,2023,2,chandigarh,11553687,14414408750
779,2023,2,telangana,1665430971,2698149935008
780,2023,2,himachal pradesh,35061595,46875063718
781,2023,2,west bengal,545317686,1009315106972
782,2023,2,gujarat,416922553,645407208525
783,2023,2,sikkim,4412967,8580350436
784,2023,2,nagaland,2922001,8021399310
785,2023,2,mizoram,1208930,3191806576
786,2023,2,chhattisgarh,249931636,333156846754
787,2023,2,jammu & kashmir,54588299,76530005380
788,2023,2,goa,26530590,38412206943
789,2023,2,arunachal pradesh,10360488,19805698664
790,2023,2,delhi,482138998,661728515657
791,2023,2,uttarakhand,102758214,134072872398
